from,to,departure,arrival,boat,note
Sanur,Nusa Penida,07:00,08:00,Caspla Buyuk,
Sanur,Nusa Penida,08:00,09:00,Wijaya Buyuk,
Sanur,Nusa Penida,12:30,13:30,Wijaya Abadi,
Nusa Penida,Sanur,11:00,11:45,Wijaya Abadi,
Nusa Penida,Sanur,15:45,16:40,Wijaya Buyuk,
Nusa Penida,Sanur,16:30,17:30,Caspla Buyuk,
Sanur,Gili Trawangan,08:00,12:20,Wijaya Buyuk,transit Nusa Penida 1 jam
Sanur,Gili Trawangan,12:30,15:10,Wijaya Abadi,
Sanur,Gili Meno,08:00,12:45,Wijaya Buyuk,transit Nusa Penida 1 jam
Sanur,Gili Meno,12:30,15:30,Wijaya Abadi,
Sanur,Gili Air,08:00,13:00,Wijaya Buyuk,transit Nusa Penida 1 jam
Sanur,Gili Air,12:30,15:45,Wijaya Abadi,
Sanur,Bangsal Lombok,08:00,13:30,Wijaya Buyuk,transit Nusa Penida 1 jam
Sanur,Bangsal Lombok,12:30,16:00,Wijaya Abadi,
Nusa Penida,Gili Trawangan,10:20,12:20,Wijaya Buyuk,
Nusa Penida,Gili Trawangan,13:30,15:10,Wijaya Abadi,
Nusa Penida,Gili Meno,10:20,12:45,Wijaya Buyuk,
Nusa Penida,Gili Meno,13:30,15:30,Wijaya Abadi,
Nusa Penida,Gili Air,10:20,13:00,Wijaya Buyuk,
Nusa Penida,Gili Air,13:30,15:45,Wijaya Abadi,
Nusa Penida,Bangsal Lombok,10:20,13:30,Wijaya Buyuk,
Nusa Penida,Bangsal Lombok,13:30,16:00,Wijaya Abadi,
Nusa Lembongan,Gili Trawangan,09:30,12:20,Wijaya Buyuk,
Nusa Lembongan,Gili Trawangan,12:45,15:10,Wijaya Abadi,
Nusa Lembongan,Gili Meno,09:30,12:45,Wijaya Buyuk,
Nusa Lembongan,Gili Meno,12:45,15:30,Wijaya Abadi,
Nusa Lembongan,Gili Air,09:30,13:00,Wijaya Buyuk,
Nusa Lembongan,Gili Air,12:45,15:45,Wijaya Abadi,
Nusa Lembongan,Bangsal Lombok,09:30,13:30,Wijaya Buyuk,
Nusa Lembongan,Bangsal Lombok,12:45,16:00,Wijaya Abadi,
Bangsal Lombok,Nusa Penida,08:15,10:45,Wijaya Abadi,
Bangsal Lombok,Nusa Penida,13:30,15:15,Wijaya Buyuk,
Bangsal Lombok,Nusa Lembongan,08:15,11:15,Wijaya Abadi,
Bangsal Lombok,Nusa Lembongan,13:30,15:50,Wijaya Buyuk,
Bangsal Lombok,Sanur,08:15,11:45,Wijaya Abadi,
Bangsal Lombok,Sanur,13:30,16:45,Wijaya Buyuk,
Gili Air,Nusa Penida,08:25,10:45,Wijaya Abadi,
Gili Air,Nusa Penida,13:00,15:15,Wijaya Buyuk,
Gili Air,Nusa Lembongan,08:25,11:15,Wijaya Abadi,
Gili Air,Nusa Lembongan,12:50,15:50,Wijaya Buyuk,
Gili Air,Sanur,08:25,11:45,Wijaya Abadi,
Gili Air,Sanur,13:00,16:45,Wijaya Buyuk,
Gili Trawangan,Nusa Penida,09:00,10:45,Wijaya Abadi,
Gili Trawangan,Nusa Penida,12:30,15:15,Wijaya Buyuk,
Gili Trawangan,Nusa Lembongan,09:00,11:15,Wijaya Abadi,
Gili Trawangan,Nusa Lembongan,12:30,15:50,Wijaya Buyuk,
Gili Trawangan,Sanur,09:00,11:45,Wijaya Abadi,
Gili Trawangan,Sanur,12:30,16:45,Wijaya Buyuk,
Gili Meno,Nusa Penida,08:40,10:45,Wijaya Abadi,
Gili Meno,Nusa Penida,12:45,15:15,Wijaya Buyuk,
Gili Meno,Nusa Lembongan,08:40,11:15,Wijaya Abadi,
Gili Meno,Nusa Lembongan,12:45,15:50,Wijaya Buyuk,
Gili Meno,Sanur,08:40,11:45,Wijaya Abadi,
Gili Meno,Sanur,12:45,16:45,Wijaya Buyuk,
